[{"title": "Đào Nương", "content": "Nhặt hoa rơi trái tim tơi bời\nBặt tin tức sáu trăm năm trời\nTìm nơi đâu đã lâu chẳng tới\nCả một đời ngồi đây chờ đợi\n\nGặp lại cô ta còn đau đáu\nRỏ thêm máu lên trang thơ nhàu\nNhiều năm qua nơi nào nương náu?\nTại sao mắt vẫn hay đỏ au?\n...\nĐèn vừa châm chung trà chưa ngấm\nVội che nón quai thao ba tầm\nBạn tri âm không còn hơi ấm\nLàm sao chấm dứt bao khổ tâm\n\nLại một tay chôn mộng trong trắng\nGiờ yên giấc thiên thu vĩnh hằng\nGửi thêm cô triệu triệu vạt nắng\nKhoác cho nàng ánh trăng lạnh băng...", "author": "Thái Hư Ảo Cảnh", "background": "/static/images/dao_nuong.jpg", "link": "https://www.youtube.com/watch?v=qI5wVW69mLE"},{"title": "Em Thì Không", "content": "Thế gian nhiều người gieo đớn đau\nCần gì khi sống hơn thiệt vài câu.\nThì sống thôi cần gì phải thế nào \nNgồi lại ta hát không vương âu sầu.\n\nNhân gian luôn hơn thua với bán mua \nGanh đua nhau xem ai là nữ Vua, em chịu thua! \nNhân gian luôn bon chen hay oán ghen \nChê bai nhau sau lưng rất nhỏ nhen, em chịu thua!\n...\nThế gian nhiều người cũng giống nhau \nNgười nào cũng muốn tranh giành ngôi báu.\nThì cứ tranh để rồi mang đớn đau \nCòn em cứ sống không vương âu sầu.\n\nXin nhân gian ngừng dối nhau một ngày\nXin cho em được nói câu tỏ bày\nXin yêu chân thành với con tim này \nTrao nhau yêu thương nguyện suốt cuộc đời.", "author": "Châu Đăng Khoa", "background": "/static/images/em_thi_khong.png", "link": "https://www.youtube.com/watch?v=QhZYm8c6FRQ"},{"title": "Còn Thương Rau Đắng Mọc Sau Hè", "content": "Nắng hạ đi mây trôi lang thang cho hạ buồn\nCoi khói đốt đồng để ngậm ngùi chim nhớ lá rừng\nAi biết mẹ buồn vui khi mẹ kêu cậu tới gần\nBiểu cậu ngồi, mẹ nhổ tóc sâu\nHai chị em tóc bạc như nhau.\n\nĐôi mắt cậu buồn hiu phiêu lưu rong chơi\nNhững ngày đầu chừa ba vá miếng dừa\nĐường mòn xưa dãi nắng dầm mưa\nAi cách xa cội nguồn, ngồi một mình nhớ lũy tre xanh dạo quanh\nKhung trời kỷ niệm chợt thèm rau đắng nấu canh.\n\nXin được làm mây mà bay khắp nơi giang hồ\nGhé chốn quê hương xa rời từ cất bước ly hương\nXin được làm gió dập dìu đưa điệu ca dao\nChái bếp hiên sau cũng ngọt ngào một lời cho nhau.", "author": "Bắc Sơn", "background": "/static/images/con_thuong_rau_dang_moc_sau_he.jpg", "link": "https://www.youtube.com/watch?v=i_sPRKULhqw"},{"title": "favourite liar", "content": "\n\nNhững khung cửa sổ trắng tinh\nNhững mái nhà cổ kính\nThư viện và những thinh lặng đẹp đẽ của chúng ta.\n\nEm là bài hát vang mãi không ngừng\nLà rung động mãi không dừng\nMùi hương còn vương trên từng ngón tay.\n\nDù cho em có làm tan nát\nTrái tim này biết bao lần trên đời\nThì anh cũng chẳng thể nào hết yêu, chẳng thể hết yêu.", "author": "Kai Đinh", "background": "/static/images/favourite_liar.jpg", "link": "https://www.youtube.com/watch?v=BBNDIBCArP0"}]